"","N00","N01","N02","N03","N04","N05","N06","N07","N08","N09","N10","N11","N12","N13","N14","N15","N16","N17","N18","N19","N20","N21","N22","N23","N24","N90","N91","N92","N93","N94","N95","N96","N97","N98","N99"
"1",0,0,0,0,0,0,0,0,0,0,0,0,0,0,0,0,0,0,0,0,0,0,0,0,0,0,0,0,0,0,0,0,0,0,0
"2",0,0,0,0,0,0,0,0,0,0,0,0,0,0,0,0,0,0,0,0,0,0,0,0,0,0,0,0,0,0,0,0,0,0,0
"3",0,0,0,0,0,0,0,0,0,0,0,0.00998650472334683,0,0,0,0,0,0,0,0,0,0,0,0,0,0,0,0,0,0,0,0,0,0,0
"4",0,0,0,0,0.00927318295739348,0,0,0,0,0,0,0,0,0,0,0,0,0,0,0,0,0,0,0,0,0,0,0,0.00899503722084367,0,0,0,0.016374269005848,0,0
"5",0,0,0,0,0.0187134502923977,0,0,0,0.0148148148148148,0.0155214424951267,0,0,0.133239275344538,0,0,0,0,0,0,0,0,0,0.00584795321637427,0,0,0,0,0,0.019075682382134,0,0.00784313725490196,0,0.00998650472334683,0,0
"6",0.0114035087719298,0,0,0,0.0187134502923977,0.00740740740740741,0.00842105263157895,0,0.0167641325536062,0.0478247569400348,0.016374269005848,0.0333783175888439,0.205839774260827,0,0,0.00740740740740741,0.0270613900817192,0,0,0,0.0105263157894737,0,0,0,0,0,0,0,0,0,0,0,0.0587719298245614,0.0199730094466937,0
"7",0,0,0,0,0.0335282651072125,0,0.0278195488721804,0,0,0.168022553921019,0,0.0740017464475669,0.31789480832912,0,0,0.0105263157894737,0.0274324643045048,0.0108187134502924,0.0152046783625731,0,0.0105263157894737,0,0,0,0,0,0,0,0,0,0,0.0291503267973856,0.172755417956656,0.0299595141700405,0
"8",0.0187134502923977,0,0,0,0.0421052631578947,0.00982456140350877,0.00927318295739348,0,0.0265580531819034,0.160214170645238,0,0.177006164976818,0.262811107021633,0,0.0108187134502924,0,0.0545321354370114,0.129824561403509,0.0357174988753936,0,0.0320918462661979,0,0.134502923976608,0.0185934342147722,0,0,0,0,0,0,0,0.0677124183006536,0.176757714123558,0.058029689608637,0
"9",0.00935672514619883,0,0.018050473778028,0,0.0898189919242551,0.010207336523126,0.0166666666666667,0.018546365914787,0.0521637426900585,0.0585191411030958,0,0.113804168541011,0.603525129840919,0.0354933179002064,0,0,0.0324744954948246,0.117783094098884,0,0.051702786377709,0.0463157894736842,0.0110392146872506,0.182456140350877,0.0189473684210526,0,0,0,0,0,0.00980392156862745,0.0191526610644258,0.0258823529411765,0.216900584795322,0.0587719298245614,0.0182261208576998
"10",0.0216824111560954,0,0.010207336523126,0.00935672514619883,0.0948284284226839,0,0.0541492620439989,0.00927318295739348,0.0936145833963283,0.02582995951417,0,0.0786723470314802,0.546200189422501,0.0792652194190891,0.00584795321637427,0,0.058869395711501,0.0973418394471026,0.0210526315789474,0.0450292397660819,0.0960475214233446,0,0.102046783625731,0.0324561403508772,0,0,0,0,0.0100806451612903,0.0286764705882353,0.00862745098039216,0.0443036701860231,0.516405757984705,0.145389113810166,0.0182456140350877
"11",0.0585245164192533,0,0.0838149294805642,0.0187134502923977,0.106532999164578,0,0.0280840991367307,0.0278195488721804,0.171250889489609,0.00842105263157895,0,0.0798920377867746,0.283319020161125,0.0533528076402688,0.0108187134502924,0,0.0607845579313455,0.0216374269005848,0,0.0108187134502924,0.075328517371861,0,0.0219298245614035,0.0315789473684211,0,0,0.0112244897959184,0,0.0183971774193548,0,0.0550560224089636,0.0667873303167421,0.513383183603978,0.0899910031488979,0
"12",0.0407857249962513,0.00701754385964912,0.0756778309409888,0.0498830409356725,0.0509189640768588,0.0105263157894737,0.00935672514619883,0.0255639097744361,0.124940558211895,0.00842105263157895,0.00626790269707853,0.0766456740140951,0.140355640231801,0.0327485380116959,0.00584795321637427,0,0.041229180628987,0.0525730994152047,0,0.033625730994152,0.0306501547987616,0.00842105263157895,0.0105263157894737,0.0526315789473684,0,0,0,0,0.0278657834101382,0.0286764705882353,0.0846288515406163,0.115611577964519,0.499730623693472,0.130717089927616,0
"13",0.0447368421052632,0,0.020414673046252,0.0618851049191606,0.0319688109161793,0,0,0.0352269562795879,0.163831081686814,0,0.00833333333333333,0.0695705326665079,0.22555173069105,0.0236842105263158,0,0.0175974517341002,0.0502515978951502,0.0219032429558745,0,0,0.0105263157894737,0.00842105263157895,0.0228070175438597,0.0105263157894737,0,0.0247165532879819,0.0112244897959184,0.0107843137254902,0.0461189516129032,0.0196078431372549,0.0561624649859944,0.049859943977591,0.182262972665449,0.0925438596491228,0.0108187134502924
"14",0.0310916179337232,0.0154986396472465,0.0453118802929538,0.0724859168686908,0.0353884711779449,0.00998650472334683,0.0105263157894737,0.0463028339797125,0.114775828460039,0,0,0.151996578069748,0.137742608268924,0.0210526315789474,0,0.0172075881863419,0.0417689916951139,0.0192397660818713,0,0.0222222222222222,0.0105263157894737,0.124372548020584,0,0.0105263157894737,0.0174185463659148,0.0467120181405896,0,0,0.0455877791563275,0,0.0568067226890756,0.00840336134453781,0.251826616677557,0.091812865497076,0
"15",0.00584795321637427,0.0154970760233918,0,0.0291812865497076,0.0158284600389864,0.00982456140350877,0,0.0376441102756892,0.0346198830409357,0,0.0222890473339502,0.140548190486271,0.122467927669166,0.039608636977058,0,0.0297359560517455,0.0203800886533856,0.0817669172932331,0,0,0,0.0650743024065488,0,0.0105263157894737,0,0.0410430839002268,0,0,0.0373953163771712,0,0.0351820728291317,0.0100840336134454,0.198158291656744,0.0728070175438597,0
"16",0,0.0593051255589955,0.0140350877192982,0.0473684210526316,0.00740740740740741,0,0.0720207188083964,0.0934217394572263,0.0448571273063735,0,0.00833333333333333,0.129369602991894,0.109751287584105,0.105475016949328,0,0.00740740740740741,0.0101900443266928,0.0674394319131161,0,0,0,0.0336842105263158,0,0,0.0280246069719754,0.0301587301587302,0.0150349206349206,0,0,0,0.0253781512605042,0.0162091503267974,0.079030721600381,0.0894736842105263,0.0140350877192982
"17",0.0140350877192982,0.00584795321637427,0.0230728335991494,0.0250877192982456,0.0212865497076023,0.00982456140350877,0.0228070175438597,0,0.059665813966146,0.016751012145749,0.0207336523125997,0.154475315992344,0.0505950190160716,0.0698844064513805,0.0114035087719298,0.0236044657097289,0.0175438596491228,0.121485532011848,0.0174168616992326,0,0,0.00842105263157895,0,0.0128654970760234,0,0.00897959183673469,0,0,0,0,0.00862745098039216,0.0323529411764706,0.0955849276282713,0.0915654520917679,0.0193301435406699
"18",0.00998650472334683,0.0269005847953216,0.0751461988304093,0.0330409356725146,0.044274322169059,0.0505263157894737,0.0213819191204485,0.0280833935925647,0.0354229938859558,0.00863697705802969,0.010207336523126,0.127257459889039,0.16785670469881,0.072710914816178,0.0116959064327485,0.0502392344497608,0.0470884281410597,0.156353003721425,0.0189157673727423,0.0189473684210526,0,0.0315789473684211,0,0.0233385981895688,0.016222374117111,0.0255328798185941,0,0,0.00899503722084367,0,0.0282352941176471,0.0065359477124183,0.125997480205429,0.12285200179937,0.110262809395538
"19",0.0414155045733993,0.0251461988304094,0.0359133126934984,0,0.0182456140350877,0.0760098965362123,0.0219298245614035,0.0370509607351713,0.0466750122462309,0.00839093597489069,0.0178628389154705,0.145115394690026,0.178818958818959,0.131860799928073,0,0.0116959064327485,0.0409356725146199,0.10675400622769,0.0105263157894737,0,0,0.0294736842105263,0,0.0170760233918129,0.0290536948431685,0.0171428571428571,0,0.00853517877739331,0.019075682382134,0,0,0.0194771241830065,0.0530139451192083,0.0865497076023392,0.0517543859649123
"20",0.00964912280701754,0.0233918128654971,0.0382775119617225,0.016374269005848,0.0198245614035088,0.0913900134952767,0,0.109390404681717,0.0491228070175439,0,0.0497076023391813,0.134692278074959,0.167760193023351,0.119486361591625,0.0429558745348219,0.0541192473387231,0.0304093567251462,0.0993620414673046,0.00842105263157895,0,0.0105263157894737,0.0288461538461538,0.029281537176274,0.0408156564369944,0.026429710640237,0.0333333333333333,0,0.0186423144151536,0.0100806451612903,0,0,0.0260130718954248,0.0835132703553756,0.105892937471885,0.102202729044834
"21",0.0214424951267057,0.00964912280701754,0.0102756892230576,0.0166666666666667,0.0269005847953216,0.0749891628838997,0,0.029156223893066,0.0622389133813507,0.00842105263157895,0.0606941111155582,0.241165424238508,0.131170817486607,0.14560556927956,0,0.0687339752254799,0.0152046783625731,0.0880906944823998,0.020414673046252,0,0.0362573099415205,0.0282163742690058,0.0166666666666667,0.0274155217019638,0.020414673046252,0.0343896319418377,0,0.00941176470588235,0.0100806451612903,0.0309173669467787,0.0078637456918876,0.0483193277310924,0.0205128205128205,0.181665858866144,0.0467570441254652
"22",0.00740740740740741,0.03328173374613,0.0254385964912281,0.0207602339181287,0,0.0105263157894737,0.0105263157894737,0.0369674185463659,0.0285423410212109,0,0.0841573631047315,0.136189690077844,0.110003199414964,0.0782447185463439,0.0230728335991494,0.0645699086260424,0.0152046783625731,0.160289359763044,0,0,0.0252631578947368,0.0447368421052632,0,0.0228070175438597,0.0279182805498595,0.0160430839002268,0,0,0,0.00738177623990773,0,0.029281045751634,0.0473824006682837,0.183322087269456,0.0921517160510531
"23",0.09,0.0286549707602339,0.010207336523126,0.00935672514619883,0.0191033138401559,0.0344639376218324,0.0105263157894737,0.0482667809608042,0.0354229938859558,0.0329790823211876,0.123328388110133,0.0463157894736842,0.0464777327935223,0.148515542062283,0.0280701754385965,0.010207336523126,0,0.10554949299383,0,0.0105263157894737,0.0112280701754386,0.0594736842105263,0.0114035087719298,0.0216374269005848,0.0207086343309254,0.0249433106575964,0.0285714285714286,0,0.0201612903225806,0.00738177623990773,0.00980392156862745,0.0436134453781513,0.0475033738191633,0.165879442195232,0.0909356725146199
"24",0.0354775828460039,0.00935672514619883,0,0.0350877192982456,0.0132553606237817,0.00912280701754386,0,0.0280840991367307,0.00842105263157895,0.0666219763314203,0.1306884635832,0.0326900584795322,0.0708551098024782,0.0604678362573099,0.0172248803827751,0.0203973808498188,0.0251911830859199,0.095906432748538,0.00998650472334683,0,0.0293567251461988,0.0343859649122807,0.0108187134502924,0.0189473684210526,0.0183694530443756,0.0251700680272109,0,0,0.0175305240153927,0.00906862745098039,0,0.0227450980392157,0.0655759220677296,0.107939721097616,0.0236842105263158
"25",0.00584795321637427,0.0370829033367733,0.00701754385964912,0.0140350877192982,0.0214424951267057,0.0269005847953216,0.0210526315789474,0.030339032690309,0.00865497076023392,0.0620580296896086,0.0828149920255183,0.0233918128654971,0.0661186766449924,0.0783043581805192,0.010207336523126,0.012280701754386,0,0.0773737373737374,0,0.012280701754386,0,0.0619433191400406,0,0.0441520467836257,0.0240305887814272,0.0173828292207493,0,0,0,0.0262543252595156,0,0.0330065359477124,0.0721124077161229,0.11132887580256,0.0754120148856991
"26",0,0.00935672514619883,0.0380116959064327,0.0187134502923977,0.0311518020586316,0.020414673046252,0,0.0198830409356725,0,0.100571300044984,0.0638915470494418,0.0236842105263158,0.0566986967631135,0.049580177256659,0.0599917423843838,0.0245614035087719,0,0.0201754385964912,0.026429710640237,0,0.0235087719298246,0.0105263157894737,0,0.0267137673159989,0.075187969924812,0.00839002267573696,0,0,0,0.00906862745098039,0,0.0209150326797386,0.0577915376676987,0.0957040035987404,0.0509799751905015
"27",0.0196356275303644,0,0.0192982456140351,0.016374269005848,0.0382775119617225,0.055879851143009,0,0.0272069061542746,0.00701754385964912,0.0280701754385965,0.0160552897395003,0.0419028340080972,0.0721874616611459,0.076377390827623,0.0412782920919861,0.0210526315789474,0.0251911830859199,0,0.010207336523126,0,0.00784313725490196,0.0669590643274854,0.00584795321637427,0.0439568750854225,0.0270676691729323,0.00839002267573696,0.0112244897959184,0,0,0.00906862745098039,0,0.0375350140056022,0.0625598687518192,0.12266081871345,0.0359383306751728
"28",0,0.0114035087719298,0.0320855614973262,0.0447818263607737,0.0254385964912281,0,0.00842105263157895,0.0296240601503759,0.0615204678362573,0.0454670865197181,0,0.0114035087719298,0.0953878026348819,0.0676122483847054,0.0315523657628921,0,0.00725702570801357,0.0402534113060429,0.0487788097695218,0,0.012280701754386,0.0198830409356725,0.0114035087719298,0,0.0210526315789474,0.0395124716553288,0.0336734693877551,0,0,0.0181372549019608,0,0.0425023342670401,0.00784313725490196,0.10253036437247,0.0873737373737374
"29",0.0198830409356725,0.00964912280701754,0.0140350877192982,0.00935672514619883,0.0520284993069653,0.016374269005848,0,0.00935672514619883,0.0327485380116959,0.0561842105263158,0.00701754385964912,0.0213900134952767,0.135773037667607,0.00701754385964912,0.0312333864965444,0.00584795321637427,0.0224617040705867,0.027280701754386,0.0188805346700084,0.0114035087719298,0,0.0364169249656105,0.0232049953861744,0,0.0116561500213556,0.00839002267573696,0,0,0,0.00906862745098039,0.0372549019607843,0.0301307189542484,0.0402476780185759,0.116929415613626,0.0446570972886762
"30",0,0.00584795321637427,0.0359383306751728,0,0.0295460874408243,0.0409090909090909,0,0.0421125063854769,0.00935672514619883,0.00982456140350877,0.0128654970760234,0.0208966861598441,0.0245614035087719,0.0327637635362206,0.0415075481313983,0,0.0175974517341002,0.016374269005848,0.0699765301191307,0.0105263157894737,0,0.00842105263157895,0.0195555442332841,0,0.0105263157894737,0.0163265306122449,0,0,0,0.00738177623990773,0.00980392156862745,0,0.0210526315789474,0.0473684210526316,0.0587719298245614
"31",0.0368870895186685,0,0.0198830409356725,0,0.0507670691881218,0.0210526315789474,0.0210526315789474,0,0.0440779646461898,0.0182456140350877,0.0200318979266348,0.0270897832817337,0.0385433280170122,0.0269005847953216,0.0284334573808258,0.012280701754386,0,0,0.00584795321637427,0.0186618507051944,0.00584795321637427,0,0.0268740031897927,0.0112280701754386,0.0105263157894737,0.0320445700061244,0,0,0,0,0.0187114845938375,0.0271241830065359,0.0140350877192982,0.120029239766082,0.0263157894736842
"32",0.0142690058479532,0.00584795321637427,0.03328173374613,0.00784313725490196,0.0628389154704944,0.0105263157894737,0.0271335007632836,0.00740740740740741,0.0458479532163743,0.0165350877192982,0.025879851143009,0.0412682031877078,0.0285767895675016,0.0754385964912281,0.02200662808348,0.0101900443266928,0.0249512670565302,0.00842105263157895,0.0128654970760234,0,0,0,0.0219298245614035,0.00584795321637427,0.0246677299308878,0.0076530612244898,0.0224489795918367,0,0,0.0137254901960784,0.00906862745098039,0.0065359477124183,0.0429308565531476,0.00935672514619883,0.0263157894736842
"33",0.00584795321637427,0,0.0198830409356725,0.0429824561403509,0.0467836257309941,0.0261988304093567,0.0275222699976415,0.0167641325536062,0.0327485380116959,0.0185964912280702,0.0108187134502924,0.0317222795550969,0.0222222222222222,0.0722904389078537,0.0339181286549708,0.0167189283594568,0,0.0108187134502924,0.04,0.0243844906383606,0,0,0.00584795321637427,0,0.0115090889534258,0.0473148020098649,0,0.00949072755917469,0.00932459677419355,0.0215686274509804,0.00862745098039216,0.0196078431372549,0.036302294197031,0.0140350877192982,0.0593301435406699
"34",0.0128654970760234,0,0.0388888888888889,0.00701754385964912,0.0567251461988304,0.0201754385964912,0.00740740740740741,0.0105263157894737,0.00701754385964912,0.0128654970760234,0.0200318979266348,0.0329884540410856,0.0310138530271124,0.0491228070175439,0.0108187134502924,0.0245614035087719,0.00701754385964912,0,0.0233918128654971,0.00604752142334464,0,0,0.0277103270105107,0.00584795321637427,0,0,0,0,0,0.0107843137254902,0.0188725490196078,0,0.0245098039215686,0.0350877192982456,0.0280701754385965
"35",0.0491228070175439,0,0.0198830409356725,0.00701754385964912,0.0198830409356725,0.0260233918128655,0.0300943672521531,0.0179337231968811,0.0128654970760234,0.0300584795321637,0.0304678362573099,0.0162641898864809,0,0.0446115288220551,0.0488706528629241,0.0116959064327485,0.012280701754386,0,0,0.0188805346700084,0,0.0192982456140351,0.0151888271825094,0.0116959064327485,0.00566113573705157,0.0248299319727891,0,0,0,0,0,0,0,0.037719298245614,0.0388888888888889
"36",0.0532163742690058,0.0198830409356725,0.010207336523126,0.0421052631578947,0,0.0723646723646724,0.0544228547929631,0,0.00701754385964912,0.0448821640450661,0.0200318979266348,0.0203187707831671,0.0105263157894737,0.0617627315444765,0.0338915470494418,0.0548280901528291,0,0,0,0.0105263157894737,0,0.0166666666666667,0,0.0142690058479532,0.0128654970760234,0.0260770975056689,0,0,0,0,0.036078431372549,0,0.0166666666666667,0.0236842105263158,0.0371929824561403
"37",0.0257309941520468,0,0,0.0569659442724458,0.00584795321637427,0.0175438596491228,0.0173196786739356,0,0.0105263157894737,0.0527875243664717,0.0193352694417554,0,0.0416942647033848,0.0385964912280702,0.0108187134502924,0.0278220804536594,0.00964912280701754,0.0175172780435938,0.0219032429558745,0.0391812865497076,0,0.0289473684210526,0.0105263157894737,0.0175438596491228,0,0.0184391278292537,0.0285714285714286,0,0.0100806451612903,0,0.00980392156862745,0.0196078431372549,0,0.0478070175438597,0.0198830409356725
"38",0.0280701754385965,0,0.00584795321637427,0.016374269005848,0.0114035087719298,0.0379585326953748,0.036795452955035,0,0,0.0258943559985368,0.0289766081871345,0.0201238390092879,0.0160552897395003,0.0456140350877193,0.0531632110579479,0.0681805523910787,0.0157894736842105,0.00964912280701754,0.0156862745098039,0.0565541355522498,0.0233918128654971,0.00701754385964912,0.00934087396613509,0.00584795321637427,0,0.00921956391462684,0,0.00853517877739331,0,0,0,0.0197572362278245,0.0140350877192982,0.0166666666666667,0.0316498316498317
"39",0,0.0140350877192982,0.0297463802107765,0.0491228070175439,0,0.0175438596491228,0.0303258145363408,0.0192982456140351,0.0105263157894737,0.0168421052631579,0.0422248803827751,0,0,0.0350877192982456,0.012280701754386,0.034990253411306,0.0307311123536019,0.00730994152046784,0.0210526315789474,0.0304644958910649,0.0210526315789474,0.00997841034851866,0.0198391671337104,0.0201169590643275,0.0105263157894737,0.0184391278292537,0.0112244897959184,0,0,0.0352941176470588,0.0268347338935574,0.0339869281045752,0.017004048582996,0.0280701754385965,0.0140350877192982
"40",0.0198830409356725,0.0263157894736842,0.0160552897395003,0.0310391363022942,0.0116959064327485,0.0437426900584795,0.0140350877192982,0.0368421052631579,0.0304093567251462,0.0168421052631579,0.0196491228070175,0.0192466460268318,0.0105263157894737,0.0587719298245614,0.0128654970760234,0.0631300473405736,0.0218323586744639,0.00730994152046784,0.0210526315789474,0.0183694530443756,0.024093567251462,0.0552631578947368,0.0279358415384019,0.0342982456140351,0.0275097230006284,0.0076530612244898,0.0397959183673469,0,0,0,0.0184313725490196,0.0065359477124183,0.0292397660818713,0.0253373819163293,0.0128654970760234
"41",0.0371345029239766,0.0198830409356725,0.0116959064327485,0.0140350877192982,0.00584795321637427,0.0513450292397661,0,0.0166666666666667,0.0245614035087719,0.00842105263157895,0,0.0183694530443756,0.010207336523126,0.0432748538011696,0,0.0454713650066303,0.00725702570801357,0.0175172780435938,0.0288957688338493,0.012280701754386,0.012280701754386,0.0328947368421053,0.0420841514502001,0.0225146198830409,0.0105263157894737,0,0.0285714285714286,0.00980392156862745,0.0201612903225806,0,0,0.00784313725490196,0.00701754385964912,0,0.0277511961722488
"42",0.0249512670565302,0.0140350877192982,0.039766081871345,0.0280701754385965,0.0432748538011696,0.016374269005848,0.0168421052631579,0.0260233918128655,0,0.00842105263157895,0.00584795321637427,0.00784313725490196,0.0116959064327485,0.0233918128654971,0.010207336523126,0.0318713450292398,0.014664433115421,0.0242690058479532,0,0.0417612659098727,0.00584795321637427,0.0210526315789474,0.0105263157894737,0.0562018844076755,0.0349009018189229,0.00921956391462684,0.0285714285714286,0.00949072755917469,0,0,0.0282352941176471,0.00967320261437908,0.0156862745098039,0.0114035087719298,0
"43",0.0116959064327485,0,0.0233918128654971,0.0240215924426451,0.0283764967975494,0.0327485380116959,0,0.0378947368421053,0,0.00863697705802969,0.00982456140350877,0,0,0.0517543859649123,0,0.0354775828460039,0.00701754385964912,0.0455608718766614,0.0257309941520468,0.0244169744677203,0,0.0245614035087719,0.027360066833751,0.0431901885012428,0.0128654970760234,0,0,0,0,0.0245098039215686,0,0.0162091503267974,0.00784313725490196,0.00964912280701754,0
"44",0.0257309941520468,0.0116959064327485,0.0140350877192982,0.0148606811145511,0.00584795321637427,0.0362307283359915,0,0.0210526315789474,0.00701754385964912,0.00842105263157895,0,0.0235294117647059,0,0.00964912280701754,0.0166666666666667,0.0223196881091618,0,0.0444178628389155,0,0,0.016374269005848,0.0307017543859649,0.0165413533834586,0.0317251461988304,0,0.0187433734384364,0,0.0137254901960784,0,0.00980392156862745,0.00980392156862745,0,0,0.00701754385964912,0.010207336523126
"45",0.0511695906432749,0.0172514619883041,0.0242424242424242,0.0236842105263158,0.0116959064327485,0.0423976608187134,0.0289473684210526,0.0210526315789474,0.0128654970760234,0,0.0108187134502924,0,0,0.0175438596491228,0.0128654970760234,0.00584795321637427,0.00964912280701754,0,0.0111111111111111,0.00784313725490196,0,0.037719298245614,0,0.0229239766081871,0.0161874515265253,0.00921956391462684,0,0,0,0.0107843137254902,0.0184313725490196,0.00967320261437908,0,0.0236842105263158,0
"46",0.0140350877192982,0.0280701754385965,0.0280701754385965,0.00701754385964912,0,0.0219032429558745,0,0.0105263157894737,0.0105263157894737,0.0128654970760234,0,0,0,0.00701754385964912,0,0.0287524366471735,0,0.00730994152046784,0.0152046783625731,0,0.0293567251461988,0.0236842105263158,0.0136910904712762,0.00842105263157895,0.00566113573705157,0,0,0.0322684737011939,0,0.0215686274509804,0,0.0100840336134454,0.0218782249742002,0.0140350877192982,0.0140350877192982
"47",0.00584795321637427,0.00584795321637427,0.0140350877192982,0.0218782249742002,0,0.00964912280701754,0,0.0264912280701754,0.0222222222222222,0.0226900584795322,0.0185406698564593,0.00584795321637427,0.0160552897395003,0.00701754385964912,0.010207336523126,0.0222222222222222,0.012280701754386,0,0.0152046783625731,0.0271197987278847,0.0105263157894737,0.00701754385964912,0,0.0128654970760234,0,0,0,0.0355476875563163,0,0,0,0.0358169934640523,0.0140350877192982,0.00964912280701754,0
"48",0.0140350877192982,0,0.0453216374269006,0.0148606811145511,0.0114035087719298,0.0330409356725146,0,0.0125803426427869,0,0,0,0,0,0.00964912280701754,0.0247352003758994,0,0.0152046783625731,0,0.0219032429558745,0,0,0,0,0.0128654970760234,0,0,0.0285714285714286,0,0,0,0.00980392156862745,0,0,0,0.00584795321637427
"49",0.012280701754386,0,0.0160552897395003,0.00784313725490196,0.0114035087719298,0.0269005847953216,0,0.019325157084369,0.0140350877192982,0.0170580296896086,0,0,0,0.0421052631578948,0,0,0,0,0.0128654970760234,0,0.0170760233918129,0,0.00584795321637427,0,0,0,0,0,0,0.0235294117647059,0,0,0.00784313725490196,0.00833333333333333,0
"50",0.00740740740740741,0.0140350877192982,0,0.00701754385964912,0,0.0198564593301435,0.00701754385964912,0,0,0,0,0.0111111111111111,0.012280701754386,0.00701754385964912,0.010207336523126,0.00584795321637427,0,0,0,0,0,0,0,0.00584795321637427,0,0,0,0.0466103719758579,0,0,0.00980392156862745,0.00980392156862745,0,0.0114035087719298,0.00964912280701754
"51",0,0.0213450292397661,0,0,0,0.0154970760233918,0.00701754385964912,0.00701754385964912,0.0152046783625731,0,0.0108855385620204,0,0,0.00701754385964912,0,0,0,0,0,0,0,0,0,0,0,0.00921956391462684,0,0,0,0.0343137254901961,0,0.0162091503267974,0,0.00833333333333333,0.00584795321637427
"52",0,0,0.0140350877192982,0.0224561403508772,0,0.0132553606237817,0,0.0307017543859649,0.0175438596491228,0,0,0,0.00842105263157895,0.00701754385964912,0.012280701754386,0,0,0.0146198830409357,0.0154704944178628,0,0,0,0,0,0,0,0.0285714285714286,0,0,0,0.00862745098039216,0,0.00784313725490196,0,0.00584795321637427
"53",0.0140350877192982,0,0,0.0148606811145511,0.0257309941520468,0.0233918128654971,0.00964912280701754,0.0236842105263158,0,0.0341520467836257,0,0,0,0.0140350877192982,0,0.00584795321637427,0,0.00730994152046784,0,0,0,0.016374269005848,0,0,0,0,0,0,0,0.00980392156862745,0,0,0,0.0095906432748538,0
"54",0,0,0,0.00964912280701754,0.00584795321637427,0.0116959064327485,0,0,0.00701754385964912,0,0,0,0,0.00701754385964912,0,0.00584795321637427,0,0,0.0175438596491228,0,0.0114035087719298,0.00964912280701754,0.0192982456140351,0,0,0,0.0571428571428571,0.0274509803921569,0,0,0,0.00967320261437908,0.0140350877192982,0,0.010207336523126
"55",0.0158344579397211,0,0,0.0192982456140351,0,0.00584795321637427,0,0.0166666666666667,0,0,0.0128654970760234,0,0,0.0210526315789474,0,0,0,0,0.0103273058152501,0,0,0.00964912280701754,0.00964912280701754,0.019944574466155,0,0,0,0,0,0,0,0.0258823529411765,0,0.0324561403508772,0
"56",0.00584795321637427,0,0,0.00701754385964912,0.0315789473684211,0.0116959064327485,0,0.00701754385964912,0.0175438596491228,0,0,0,0,0,0,0,0,0.010207336523126,0.0133045471313582,0,0,0,0.010207336523126,0.024093567251462,0.00870843084961628,0,0,0,0,0,0,0,0,0.00998650472334683,0.0116959064327485
"57",0,0,0,0,0,0,0.00701754385964912,0.00701754385964912,0,0,0,0,0,0,0,0,0,0,0,0,0,0.00964912280701754,0,0.00584795321637427,0,0,0,0,0.0134408602150538,0.00980392156862745,0,0,0,0,0
"58",0,0,0,0,0,0.00584795321637427,0,0,0.00701754385964912,0,0,0,0,0,0.0105263157894737,0,0,0,0,0,0,0,0,0,0,0.0181991557513615,0,0,0,0,0,0,0,0,0
"59",0.00584795321637427,0,0.0140350877192982,0.00784313725490196,0,0,0,0,0.00701754385964912,0.0128654970760234,0,0,0.00584795321637427,0,0.012280701754386,0.0105263157894737,0,0,0,0,0,0,0,0,0,0,0,0.0132870185828446,0,0,0,0,0,0,0
"60",0,0,0,0.00701754385964912,0,0,0,0.00701754385964912,0,0,0.010207336523126,0.00526315789473684,0,0,0,0,0,0,0,0.00604752142334464,0,0,0,0,0,0,0,0,0,0,0,0,0,0,0
"61",0,0,0,0.0140350877192982,0.0140350877192982,0,0,0,0,0,0,0,0.0105263157894737,0,0,0,0,0,0,0,0,0,0,0,0,0,0,0,0,0,0,0,0,0,0
"62",0,0,0,0,0,0,0,0,0,0,0,0,0,0,0,0,0,0,0,0,0,0,0,0,0,0,0,0,0,0,0,0,0,0,0
"63",0,0,0,0,0,0,0,0,0,0,0,0,0,0,0,0,0,0,0,0,0,0,0,0,0,0,0,0,0,0,0,0,0,0,0
"64",0,0,0,0,0,0,0,0,0,0,0,0,0,0,0,0,0,0,0,0,0,0,0,0,0,0,0,0,0,0,0,0,0,0,0
"65",0,0,0,0,0,0,0,0,0,0,0,0,0,0,0,0,0,0,0,0,0,0,0,0,0,0,0,0,0,0,0,0,0,0,0
"66",0,0,0,0,0,0,0,0,0,0,0,0,0,0,0,0,0,0,0,0,0,0,0,0,0,0,0,0,0,0,0,0,0,0,0
"67",0,0,0,0,0,0,0,0,0,0,0,0,0,0,0,0,0,0,0,0,0,0,0,0,0,0,0,0,0,0,0,0,0,0,0
"68",0,0,0,0,0,0,0,0,0,0,0,0,0,0,0,0,0,0,0,0,0,0,0,0,0,0,0,0,0,0,0,0,0,0,0
"69",0,0,0,0,0,0,0,0,0,0,0,0,0,0,0,0,0,0,0,0,0,0,0,0,0,0,0,0,0,0,0,0,0,0,0
"70",0,0,0,0,0,0,0,0,0,0,0,0,0,0,0,0,0,0,0,0,0,0,0,0,0,0,0,0,0,0,0,0,0,0,0
